id,p1,p2,p3,p4,p5,p6
marci,0.59,0.80,0.43,0.44,0.36,0.01
oliyn,0.75,0.82,0.47,0.50,0.38,0.01
kalin1,0.72,0.68,0.46,0.54,0.32,0.01
udvar,0.62,0.92,0.39,0.43,0.44,0.05
bonda,0.63,0.95,0.38,0.55,0.41,0.04
korpa,0.61,0.92,0.45,0.53,0.45,0.03
jacqu,0.58,0.80,0.43,0.53,0.31,0.06
putin,0.70,0.91,0.43,0.50,0.37,0.03
erjav,0.66,0.89,0.35,0.46,0.39,0.01
walte,0.62,0.85,0.43,0.51,0.42,0.05
selek,0.52,0.51,0.34,0.44,0.38,0.03
kraus,0.66,0.93,0.50,0.57,0.38,0.01
arang,0.71,0.85,0.42,0.45,0.38,0.03
semen,0.72,0.95,0.42,0.47,0.30,0.02
jones,0.65,0.86,0.43,0.56,0.47,0.03
queve,0.60,0.89,0.44,0.54,0.34,0.04
uchij,0.56,0.85,0.40,0.44,0.37,0.02
sheri,0.77,0.90,0.46,0.52,0.42,0.01
kasin,0.67,0.71,0.31,0.28,0.40,0.00
galfi,0.61,0.85,0.36,0.42,0.31,0.05
blink,0.62,0.88,0.43,0.49,0.41,0.02
grabh,0.68,0.80,0.43,0.49,0.44,0.02
chara,0.60,0.84,0.46,0.56,0.35,0.04
kawa,0.54,0.87,0.41,0.49,0.40,0.05