id,name,first,last,us_seed,us_rd,p1,p2,p3,p4,p5,p6,country,age,year_w,year_l,recent_w,recent_l,upset_ok
sinne,Jannik Sinner,Jannik,Sinner,1,2,0.61,0.94,0.38,0.48,0.45,0.11,ITA,24,18,2,10,0,0
alcar,Carlos Alcaraz,Carlos,Alcaraz,2,2,0.66,0.91,0.38,0.52,0.42,0.06,ESP,23,5,1,7,3,0
zvere,Alexander Zverev,Alexander,Zverev,3,2,0.71,0.89,0.34,0.49,0.44,0.12,GER,29,25,4,8,2,0
auger,Felix Auger Aliassime,Felix,Auger Aliassime,4,2,0.67,0.89,0.32,0.44,0.41,0.13,CAN,25,10,6,8,2,0
shelt,Ben Shelton,Ben,Shelton,5,2,0.65,0.88,0.25,0.39,0.46,0.14,USA,23,11,6,5,5,0
demin,Alex De Minaur,Alex,De Minaur,6,2,0.54,0.92,0.34,0.48,0.40,0.06,AUS,27,8,7,7,3,0
fritz,Taylor Fritz,Taylor,Fritz,7,2,0.62,0.95,0.27,0.41,0.41,0.19,USA,28,0,2,8,2,0
djoko,Novak Djokovic,Novak,Djokovic,8,2,0.67,0.92,0.34,0.49,0.44,0.10,SRB,39,4,2,8,2,0
medve,Daniil Medvedev,Daniil,Medvedev,9,2,0.61,0.87,0.36,0.47,0.38,0.10,RUS,30,6,4,7,3,0
cobol,Flavio Cobolli,Flavio,Cobolli,10,2,0.55,0.92,0.33,0.46,0.40,0.10,ITA,24,18,10,5,5,0
bubli,Alexander Bublik,Alexander,Bublik,11,2,0.66,0.87,0.23,0.41,0.43,0.19,KAZ,29,11,10,6,4,1
ruud,Casper Ruud,Casper,Ruud,12,2,0.66,0.91,0.31,0.50,0.42,0.09,NOR,27,19,8,4,6,0
ruble,Andrey Rublev,Andrey,Rublev,13,2,0.62,0.92,0.32,0.45,0.46,0.18,RUS,28,24,7,8,2,1
lehec,Jiri Lehecka,Jiri,Lehecka,14,2,0.65,0.93,0.29,0.42,0.38,0.11,CZE,24,6,5,6,4,0
muset,Lorenzo Musetti,Lorenzo,Musetti,15,2,0.66,0.94,0.34,0.47,0.39,0.05,ITA,24,6,4,7,3,0
darde,Luciano Darderi,Luciano,Darderi,16,2,0.54,0.94,0.29,0.52,0.41,0.11,ITA,24,28,14,4,6,1
tien,Learner Tien,Learner,Tien,17,2,0.60,0.88,0.34,0.46,0.38,0.07,USA,20,10,5,4,6,0
mensi,Jakub Mensik,Jakub,Mensik,18,2,0.57,0.89,0.32,0.44,0.40,0.15,CZE,20,12,5,4,6,0
tiafo,Frances Tiafoe,Frances,Tiafoe,19,2,0.56,0.94,0.30,0.46,0.41,0.13,USA,28,9,4,6,4,0
vache,Valentin Vacherot,Valentin,Vacherot,20,2,0.64,0.87,0.26,0.32,0.45,0.17,MON,27,9,7,5,5,1
cerun,Francisco Cerundolo,Francisco,Cerundolo,21,2,0.63,0.90,0.36,0.49,0.39,0.07,ARG,27,17,9,7,3,0
khach,Karen Khachanov,Karen,Khachanov,22,2,0.65,0.95,0.31,0.47,0.39,0.09,RUS,30,9,6,3,7,0
fokin,Alejandro Davidovich Fokina,Alejandro,Davidovich Fokina,23,2,0.68,0.94,0.32,0.46,0.36,0.04,ESP,27,7,7,6,4,0
fils,Arthur Fils,Arthur,Fils,24,2,0.62,0.90,0.33,0.46,0.42,0.07,FRA,22,9,2,4,6,0
paul,Tommy Paul,Tommy,Paul,25,2,0.61,0.94,0.33,0.49,0.40,0.08,USA,29,17,4,4,6,0
jodar,Rafael Jodar,Rafael,Jodar,26,2,0.64,0.92,0.37,0.48,0.41,0.07,ESP,19,21,5,7,3,0
fonse,Joao Fonseca,Joao,Fonseca,27,2,0.67,0.94,0.30,0.47,0.41,0.07,BRA,19,13,8,4,6,0
rinde,Arthur Rinderknech,Arthur,Rinderknech,28,2,0.64,0.87,0.29,0.40,0.40,0.25,FRA,31,10,13,4,6,1
norri,Cameron Norrie,Cameron,Norrie,29,2,0.64,0.92,0.31,0.46,0.38,0.06,GBR,30,5,6,6,4,0
humbe,Ugo Humbert,Ugo,Humbert,30,2,0.58,0.88,0.29,0.43,0.40,0.12,FRA,28,5,6,5,5,0
nakas,Brandon Nakashima,Brandon,Nakashima,31,2,0.65,0.96,0.28,0.46,0.38,0.13,USA,25,6,6,6,4,0
etche,Tomas Martin Etcheverry,Tomas,Martin Etcheverry,32,2,0.67,0.95,0.26,0.43,0.37,0.10,ARG,27,19,14,3,7,1
tabil,Alejandro Tabilo,Alejandro,Tabilo,33,2,0.67,0.94,0.24,0.46,0.33,0.09,CHI,29,61,20,5,5,1
buse,Ignacio Buse,Ignacio,Buse,34,2,0.59,0.95,0.32,0.45,0.35,0.08,PER,22,28,19,4,6,1
arnal,Matteo Arnaldi,Matteo,Arnaldi,35,2,0.52,0.94,0.30,0.50,0.42,0.13,ITA,25,34,8,3,7,1
block,Alexander Blockx,Alexander,Blockx,36,2,0.53,0.87,0.36,0.43,0.35,0.12,BEL,21,23,9,6,4,1
bergs,Zizou Bergs,Zizou,Bergs,37,2,0.60,0.86,0.34,0.44,0.41,0.14,BEL,27,20,14,6,4,0
navon,Mariano Navone,Mariano,Navone,38,2,0.74,0.90,0.38,0.42,0.37,0.05,ARG,25,20,18,5,5,1
moute,Corentin Moutet,Corentin,Moutet,39,2,0.65,0.92,0.35,0.47,0.37,0.04,FRA,27,3,8,2,8,0
manna,Adrian Mannarino,Adrian,Mannarino,40,2,0.62,0.92,0.29,0.42,0.32,0.04,FRA,38,0,11,4,6,0
shapo,Denis Shapovalov,Denis,Shapovalov,41,2,0.56,0.82,0.30,0.37,0.41,0.12,CAN,27,2,6,6,4,0
cerun1,Juan Manuel Cerundolo,Juan,Manuel Cerundolo,42,2,0.50,0.92,0.29,0.37,0.39,0.13,ARG,24,57,23,5,5,1
colli,Raphael Collignon,Raphael,Collignon,43,2,0.61,0.84,0.26,0.42,0.41,0.13,BEL,24,50,12,5,5,1
clar,Jaume Antoni Munar Clar,Jaume,Antoni Munar Clar,44,2,0.64,0.89,0.36,0.46,0.37,0.05,ESP,29,7,13,5,5,0
majch,Kamil Majchrzak,Kamil,Majchrzak,45,2,0.60,0.95,0.30,0.47,0.40,0.11,POL,30,1,3,4,6,0
miche,Alex Michelsen,Alex,Michelsen,46,2,0.65,0.90,0.32,0.43,0.38,0.08,USA,21,8,11,9,1,0
quinn,Ethan Quinn,Ethan,Quinn,47,2,0.62,0.92,0.26,0.41,0.39,0.10,USA,22,16,12,6,4,0
borge,Nuno Borges,Nuno,Borges,48,2,0.68,0.93,0.31,0.50,0.38,0.10,POR,29,19,15,6,4,1
macha,Tomas Machac,Tomas,Machac,49,2,0.62,0.91,0.32,0.44,0.37,0.07,CZE,25,7,6,5,5,0
kecma,Miomir Kecmanovic,Miomir,Kecmanovic,50,2,0.63,0.95,0.28,0.44,0.37,0.08,SRB,26,26,11,4,6,1
berre,Matteo Berrettini,Matteo,Berrettini,51,2,0.64,0.94,0.30,0.39,0.43,0.13,ITA,30,26,16,6,4,0
atman,Terence Atmane,Terence,Atmane,52,2,0.60,0.90,0.25,0.42,0.40,0.11,FRA,24,5,11,3,7,0
maroz,Fabian Marozsan,Fabian,Marozsan,53,2,0.64,0.93,0.31,0.45,0.40,0.06,HUN,26,6,11,6,4,0
zands,Botic Van De Zandschulp,Botic,Van De Zandschulp,54,2,0.57,0.83,0.34,0.34,0.38,0.12,NED,30,10,14,3,7,1
tiran,Thiago Agustin Tirante,Thiago,Agustin Tirante,55,2,0.62,0.92,0.32,0.43,0.41,0.12,ARG,25,20,8,6,4,0
hanfm,Yannick Hanfmann,Yannick,Hanfmann,56,2,0.58,0.96,0.32,0.35,0.42,0.24,GER,34,20,12,7,3,1
baez,Sebastian Baez,Sebastian,Baez,57,2,0.69,0.94,0.26,0.46,0.38,0.04,ARG,25,40,19,6,4,1
griek,Tallon Griekspoor,Tallon,Griekspoor,58,2,0.61,0.89,0.30,0.44,0.40,0.13,NED,30,9,11,2,8,0
carab,Camilo Ugo Carabelli,Camilo,Ugo Carabelli,59,2,0.56,0.89,0.34,0.42,0.35,0.08,ARG,27,41,19,4,6,1
landa,Martin Landaluce,Martin,Landaluce,60,2,0.63,0.88,0.33,0.46,0.39,0.06,ESP,20,24,14,1,9,0
altma,Daniel Altmaier,Daniel,Altmaier,61,2,0.67,0.91,0.30,0.49,0.35,0.09,GER,27,32,22,5,5,1
cilic,Marin Cilic,Marin,Cilic,62,2,0.55,0.92,0.32,0.38,0.39,0.14,CRO,37,3,4,4,6,0
korda,Sebastian Korda,Sebastian,Korda,63,2,0.61,0.94,0.31,0.43,0.39,0.11,USA,26,0,0,8,2,0
kopri,Vit Kopriva,Vit,Kopriva,64,2,0.60,0.86,0.30,0.39,0.32,0.04,CZE,29,18,25,1,9,1
burru,Roman Andres Burruchaga,Roman,Andres Burruchaga,65,2,0.60,0.90,0.34,0.53,0.35,0.05,ARG,24,69,28,6,4,1
svajd,Zachary Svajda,Zachary,Svajda,66,2,0.59,0.94,0.26,0.43,0.38,0.13,USA,23,7,10,4,6,0
bellu,Mattia Bellucci,Mattia,Bellucci,67,2,0.59,0.89,0.32,0.40,0.38,0.09,ITA,25,19,17,6,4,0
medje,Hamad Medjedovic,Hamad,Medjedovic,68,2,0.65,0.89,0.34,0.47,0.40,0.12,SRB,23,29,5,3,7,0
soneg,Lorenzo Sonego,Lorenzo,Sonego,69,2,0.63,0.92,0.27,0.40,0.41,0.08,ITA,31,5,13,5,5,0
kovac,Aleksandar Kovacevic,Aleksandar,Kovacevic,70,2,0.60,0.89,0.29,0.42,0.39,0.11,USA,27,13,16,0,10,0
carre,Pablo Carreno-Busta,Pablo,Carreno-Busta,71,2,0.67,0.94,0.37,0.44,0.40,0.08,ESP,35,57,13,5,5,1
valle,Adolfo Daniel Vallejo,Adolfo,Daniel Vallejo,72,2,0.63,0.86,0.33,0.43,0.38,0.04,PAR,22,105,32,4,6,1
jong,Jesper De Jong,Jesper,De Jong,73,2,0.57,0.86,0.34,0.46,0.32,0.27,NED,26,58,29,3,7,1
struf,Jan-Lennard Struff,Jan-Lennard,Struff,74,2,0.51,0.88,0.28,0.31,0.39,0.29,GER,36,6,10,7,3,1
royer,Valentin Royer,Valentin,Royer,75,2,0.62,0.97,0.38,0.47,0.33,0.07,FRA,25,48,32,3,7,1
fucso,Marton Fucsovics,Marton,Fucsovics,76,2,0.61,0.91,0.32,0.45,0.39,0.06,HUN,34,0,4,4,6,0
rune,Holger Rune,Holger,Rune,77,2,0.62,0.92,0.31,0.45,0.41,0.06,DEN,23,0,0,7,3,0
cazau,Arthur Cazaux,Arthur,Cazaux,78,2,0.59,0.94,0.29,0.38,0.40,0.16,FRA,23,0,0,7,3,0
duckw,James Duckworth,James,Duckworth,79,2,0.53,0.91,0.29,0.39,0.45,0.16,AUS,34,39,11,5,5,0
assch,Luca Van Assche,Luca,Van Assche,80,2,0.67,0.83,0.35,0.50,0.40,0.05,FRA,22,54,23,9,1,1
brook,Jenson Brooksby,Jenson,Brooksby,81,2,0.67,0.94,0.30,0.45,0.32,0.03,USA,25,0,10,7,3,0
hijik,Rinky Hijikata,Rinky,Hijikata,82,2,0.60,0.93,0.28,0.41,0.37,0.07,AUS,25,12,18,4,6,0
perri,Giovanni Mpetshi Perricard,Giovanni,Mpetshi Perricard,83,2,0.64,0.85,0.27,0.40,0.41,0.18,FRA,23,9,8,4,6,0
aguil,Daniel Merida Aguilar,Daniel,Merida Aguilar,84,2,0.66,0.87,0.42,0.43,0.45,0.04,ESP,21,41,21,7,3,1
walto,Adam Walton,Adam,Walton,85,2,0.63,0.97,0.26,0.42,0.31,0.10,AUS,27,2,4,6,4,0
nava,Emilio Nava,Emilio,Nava,86,2,0.65,0.90,0.34,0.42,0.39,0.12,USA,24,64,26,2,8,0
tsits,Stefanos Tsitsipas,Stefanos,Tsitsipas,87,2,0.63,0.93,0.24,0.48,0.51,0.12,GRE,27,17,7,8,2,1
diall,Gabriel Diallo,Gabriel,Diallo,88,2,0.67,0.91,0.30,0.43,0.37,0.09,CAN,24,1,6,4,6,0
prizm,Dino Prizmic,Dino,Prizmic,89,2,0.59,0.91,0.34,0.50,0.44,0.09,CRO,20,37,13,5,5,0
shima,Sho Shimabukuro,Sho,Shimabukuro,90,2,0.56,0.90,0.32,0.34,0.36,0.04,JPN,29,0,6,3,7,0
comes,Francisco Comesana,Francisco,Comesana,91,2,0.65,0.90,0.34,0.44,0.38,0.10,ARG,25,25,29,6,4,0
giron,Marcos Giron,Marcos,Giron,92,2,0.60,0.94,0.31,0.41,0.38,0.07,USA,33,9,9,7,3,0
bonzi,Benjamin Bonzi,Benjamin,Bonzi,93,2,0.65,0.94,0.32,0.42,0.35,0.06,FRA,30,7,9,5,5,0
trung,Marco Trungelliti,Marco,Trungelliti,94,2,0.59,0.83,0.34,0.56,0.39,0.07,ARG,36,53,24,5,5,1
halys,Quentin Halys,Quentin,Halys,95,2,0.57,0.90,0.28,0.38,0.50,0.28,FRA,29,34,11,10,0,1
hurka,Hubert Hurkacz,Hubert,Hurkacz,96,2,0.60,0.95,0.34,0.41,0.40,0.22,POL,29,21,8,7,3,0
spizz,Eliot Spizzirri,Eliot,Spizzirri,97,2,0.66,0.93,0.29,0.43,0.36,0.07,USA,24,0,2,5,5,0
faria,Jaime Faria,Jaime,Faria,98,2,0.60,0.87,0.31,0.40,0.41,0.15,POR,22,81,37,5,5,1
shevc,Alexander Shevchenko,Alexander,Shevchenko,99,2,0.60,0.87,0.21,0.43,0.45,0.13,KAZ,25,40,28,4,6,1
choin,Jan Choinski,Jan,Choinski,100,2,0.61,0.93,0.37,0.51,0.44,0.16,GBR,30,78,32,7,3,1
molca,Alex Molcan,Alex,Molcan,101,2,0.64,0.93,0.32,0.45,0.38,0.06,SVK,28,56,20,6,4,1
molca1,Alex Molcan,Alex,Molcan,101,2,0.64,0.93,0.32,0.45,0.38,0.06,SVK,28,56,20,6,4,1
wu,Yibing Wu,Yibing,Wu,102,2,0.54,0.92,0.34,0.48,0.42,0.07,CHN,26,30,8,7,3,0
popyr,Alexei Popyrin,Alexei,Popyrin,103,2,0.61,0.91,0.28,0.38,0.41,0.16,AUS,26,6,7,1,9,0
vukic,Aleksandar Vukic,Aleksandar,Vukic,104,2,0.59,0.94,0.28,0.45,0.35,0.11,AUS,30,5,14,7,3,0
dzumh,Damir Dzumhur,Damir,Dzumhur,105,2,0.64,0.95,0.40,0.47,0.35,0.02,BIH,34,28,34,5,5,1
damm,Martin Damm,Martin,Damm,106,2,0.58,0.86,0.22,0.43,0.42,0.22,USA,22,20,13,6,4,0
yunch,Bu Yunchaokete,Bu,Yunchaokete,107,2,0.57,0.93,0.30,0.44,0.37,0.11,CHN,24,0,2,7,3,0
wong,Chak Lam Coleman Wong,Chak,Lam Coleman Wong,108,2,0.64,0.92,0.25,0.37,0.33,0.10,HKG,22,3,8,7,3,0
wawri,Stan Wawrinka,Stan,Wawrinka,109,2,0.54,0.95,0.30,0.47,0.31,0.14,SUI,41,2,18,0,10,1
ofner,Sebastian Ofner,Sebastian,Ofner,110,2,0.57,0.89,0.27,0.36,0.38,0.11,AUT,30,47,35,0,10,1
basil,Nikoloz Basilashvili,Nikoloz,Basilashvili,111,2,0.46,0.83,0.30,0.41,0.36,0.19,GEO,34,16,25,3,7,1
svrci,Dalibor Svrcina,Dalibor,Svrcina,112,2,0.59,0.85,0.36,0.49,0.38,0.06,CZE,23,50,34,4,6,1
kypso,Patrick Kypson,Patrick,Kypson,113,2,0.60,0.93,0.29,0.44,0.42,0.13,USA,26,4,9,3,7,0
fery,Arthur Fery,Arthur,Fery,114,2,0.62,0.94,0.37,0.43,0.38,0.05,GBR,24,21,15,8,2,0
opelk,Reilly Opelka,Reilly,Opelka,115,2,0.60,0.87,0.24,0.37,0.43,0.22,USA,28,0,3,4,6,0
drogu,Titouan Droguet,Titouan,Droguet,116,2,0.60,0.89,0.33,0.46,0.35,0.09,FRA,25,41,21,6,4,1
riedi,Leandro Riedi,Leandro,Riedi,117,2,0.62,0.92,0.36,0.39,0.39,0.06,SUI,24,9,7,4,6,0
gasto,Hugo Gaston,Hugo,Gaston,118,2,0.51,0.96,0.36,0.49,0.38,0.05,FRA,25,37,28,7,3,1
ruiz,Pablo Llamas Ruiz,Pablo,Llamas Ruiz,119,2,0.72,0.94,0.36,0.47,0.39,0.03,ESP,23,68,20,3,7,0