id,name,first,last,us_seed,us_rd,p1,p2,p3,p4,p5,p6,country,age,year_w,year_l,recent_w,recent_l
sabal,Aryna Sabalenka,Aryna,Sabalenka,1,2,0.63,0.89,0.35,0.51,0.41,0.14,BLR,28,8,2,8,2
rybak,Elena Rybakina,Elena,Rybakina,2,2,0.55,0.88,0.32,0.46,0.44,0.15,KAZ,27,5,4,8,2
swiat,Iga Swiatek,Iga,Swiatek,3,2,0.65,0.81,0.41,0.48,0.44,0.07,POL,25,2,3,8,2
pegul,Jessica Pegula,Jessica,Pegula,4,2,0.61,0.95,0.40,0.51,0.40,0.09,USA,32,11,2,7,3
andre,Mirra Andreeva,Mirra,Andreeva,5,2,0.60,0.89,0.37,0.45,0.39,0.08,RUS,19,1,4,5,5
anisi,Amanda Anisimova,Amanda,Anisimova,6,2,0.65,0.81,0.34,0.49,0.42,0.12,USA,24,4,3,5,5
gauff,Cori Gauff,Cori,Gauff,7,2,0.57,0.86,0.36,0.46,0.44,0.11,USA,22,7,3,7,3
svito,Elina Svitolina,Elina,Svitolina,8,2,0.59,0.87,0.37,0.55,0.37,0.10,UKR,31,3,2,7,3
mucho,Karolina Muchova,Karolina,Muchova,9,2,0.62,0.94,0.33,0.45,0.43,0.12,CZE,29,14,3,8,2
mboko,Victoria Mboko,Victoria,Mboko,10,2,0.66,0.74,0.33,0.50,0.43,0.11,CAN,19,0,1,5,5
benci,Belinda Bencic,Belinda,Bencic,11,2,0.66,0.87,0.36,0.52,0.45,0.05,SUI,29,7,1,9,1
nosko,Linda Noskova,Linda,Noskova,12,2,0.63,0.87,0.33,0.49,0.45,0.15,CZE,21,17,1,8,2
kosty,Marta Kostyuk,Marta,Kostyuk,13,2,0.56,0.88,0.35,0.51,0.42,0.08,UKR,24,8,2,7,3
osaka,Naomi Osaka,Naomi,Osaka,14,2,0.58,0.92,0.37,0.48,0.43,0.20,JPN,28,10,2,7,3
shnai,Diana Shnaider,Diana,Shnaider,15,2,0.63,0.88,0.32,0.51,0.38,0.04,RUS,22,2,4,7,3
jovic,Iva Jovic,Iva,Jovic,16,2,0.60,0.92,0.38,0.54,0.36,0.03,USA,18,6,4,5,5
paoli,Jasmine Paolini,Jasmine,Paolini,17,2,0.67,0.94,0.34,0.49,0.36,0.03,ITA,30,6,2,7,3
cirst,Sorana Cirstea,Sorana,Cirstea,18,2,0.59,0.89,0.35,0.43,0.38,0.10,ROU,36,4,2,5,5
alexa,Ekaterina Alexandrova,Ekaterina,Alexandrova,19,2,0.61,0.87,0.36,0.47,0.39,0.13,RUS,31,7,4,5,5
kalin,Anna Kalinskaya,Anna,Kalinskaya,20,2,0.63,0.85,0.29,0.49,0.41,0.09,RUS,27,4,4,7,3
chwal,Maja Chwalinska,Maja,Chwalinska,21,2,0.69,0.91,0.40,0.40,0.30,0.02,POL,24,0,2,5,5
keys,Madison Keys,Madison,Keys,22,2,0.65,0.89,0.36,0.47,0.44,0.09,USA,31,13,2,6,4
bouzk,Marie Bouzkova,Marie,Bouzkova,23,2,0.72,0.85,0.36,0.48,0.41,0.04,CZE,28,14,2,5,5
ferna,Leylah Annie Fernandez,Leylah,Annie Fernandez,24,2,0.63,0.85,0.32,0.44,0.39,0.07,CAN,23,1,5,6,4
tauso,Clara Tauson,Clara,Tauson,25,2,0.60,0.87,0.28,0.43,0.38,0.16,DEN,23,2,5,1,9
navar,Emma Navarro,Emma,Navarro,26,2,0.61,0.89,0.34,0.44,0.40,0.07,USA,25,10,5,3,7
merte,Elise Mertens,Elise,Mertens,27,2,0.58,0.83,0.34,0.50,0.41,0.10,BEL,30,10,4,8,2
potap,Anastasia Potapova,Anastasia,Potapova,28,2,0.51,0.87,0.29,0.40,0.37,0.04,AUT,25,1,4,5,5
li,Ann Li,Ann,Li,29,2,0.61,0.89,0.37,0.43,0.36,0.16,USA,26,4,4,2,8
bapti,Hailey Baptiste,Hailey,Baptiste,30,2,0.55,0.88,0.36,0.41,0.39,0.08,USA,24,0,0,6,4
ostap,Jelena Ostapenko,Jelena,Ostapenko,31,2,0.57,0.77,0.44,0.54,0.43,0.16,LAT,29,6,2,6,4
eala,Alexandra Eala,Alexandra,Eala,32,2,0.63,0.91,0.39,0.49,0.43,0.04,PHI,21,35,5,9,1
raduc,Emma Raducanu,Emma,Raducanu,33,2,0.68,0.86,0.41,0.52,0.39,0.05,GBR,23,5,1,6,4
vekic,Donna Vekic,Donna,Vekic,34,2,0.58,0.89,0.36,0.49,0.41,0.11,CRO,30,6,3,5,5
bucsa,Cristina Bucsa,Cristina,Bucsa,35,2,0.66,0.88,0.37,0.45,0.39,0.03,ESP,28,0,0,0,10
sinia,Katerina Siniakova,Katerina,Siniakova,36,2,0.61,0.85,0.34,0.48,0.43,0.08,CZE,30,5,3,5,5
crist,Jaqueline Cristian,Jaqueline,Cristian,37,2,0.62,0.88,0.23,0.38,0.37,0.08,ROU,28,1,2,4,6
krejc,Barbora Krejcikova,Barbora,Krejcikova,38,2,0.63,0.87,0.39,0.46,0.40,0.09,CZE,30,12,2,5,5
wang,Xinyu Wang,Xinyu,Wang,39,2,0.73,0.91,0.38,0.44,0.29,0.03,CHN,25,2,2,3,7
siege,Laura Siegemund,Laura,Siegemund,40,2,0.75,0.88,0.33,0.51,0.40,0.01,GER,38,1,3,4,6
samso,Liudmila Samsonova,Liudmila,Samsonova,41,2,0.55,0.88,0.35,0.48,0.40,0.12,RUS,27,5,5,7,3
tjen,Janice Tjen,Janice,Tjen,42,2,0.65,0.90,0.33,0.42,0.40,0.08,INA,24,7,10,4,6
sakka,Maria Sakkari,Maria,Sakkari,43,2,0.55,0.88,0.28,0.48,0.38,0.11,GRE,31,4,3,5,5
frech,Magdalena Frech,Magdalena,Frech,44,2,0.58,0.88,0.30,0.43,0.35,0.09,POL,28,1,4,5,5
bejle,Sara Bejlek,Sara,Bejlek,45,2,0.59,0.91,0.36,0.40,0.35,0.03,CZE,20,1,4,5,5
cocci,Elisabetta Cocciaretto,Elisabetta,Cocciaretto,46,2,0.57,0.86,0.34,0.46,0.41,0.06,ITA,25,0,3,6,4
marci,Petra Marcinko,Petra,Marcinko,47,2,0.59,0.74,0.32,0.52,0.39,0.08,CRO,20,5,6,7,3
bartu,Nikola Bartunkova,Nikola,Bartunkova,48,2,0.58,0.88,0.34,0.42,0.42,0.10,CZE,20,25,9,6,4
parry,Diane Parry,Diane,Parry,49,2,0.59,0.86,0.33,0.42,0.42,0.14,FRA,23,6,4,2,8
mcnal,Caty McNally,Caty,McNally,50,2,0.72,0.79,0.38,0.47,0.38,0.04,USA,24,6,5,7,3
sonme,Zeynep Sonmez,Zeynep,Sonmez,51,2,0.66,0.90,0.36,0.50,0.38,0.01,TUR,24,11,5,5,5
manei,Jessica Bouzas Maneiro,Jessica,Bouzas Maneiro,52,2,0.60,0.89,0.39,0.47,0.36,0.04,ESP,23,7,5,2,8
oliyn,Oleksandra Oliynykova,Oleksandra,Oliynykova,53,2,0.67,0.86,0.26,0.36,0.15,0.03,UKR,25,0,3,7,3
valen,Tereza Valentova,Tereza,Valentova,54,2,0.55,0.90,0.32,0.43,0.37,0.04,CZE,19,2,5,5,5
staro,Yuliia Starodubtseva,Yuliia,Starodubtseva,55,2,0.63,0.92,0.34,0.55,0.34,0.04,UKR,26,1,4,1,9
sierr,Solana Sierra,Solana,Sierra,56,2,0.60,0.81,0.36,0.46,0.38,0.06,ARG,22,5,4,2,8
kessl,Mccartney Kessler,Mccartney,Kessler,57,2,0.60,0.90,0.35,0.51,0.39,0.05,USA,27,4,5,3,7
gibso,Talia Gibson,Talia,Gibson,58,2,0.61,0.81,0.29,0.50,0.42,0.09,AUS,22,2,10,4,6
linet,Magda Linette,Magda,Linette,59,2,0.61,0.92,0.34,0.45,0.38,0.10,POL,34,3,2,2,8
boult,Katie Boulter,Katie,Boulter,60,2,0.60,0.77,0.32,0.43,0.40,0.08,GBR,30,3,3,2,8
ruzic,Antonia Ruzic,Antonia,Ruzic,61,2,0.70,0.88,0.37,0.46,0.35,0.03,CRO,23,6,5,2,8
golub,Viktorija Golubic,Viktorija,Golubic,62,2,0.69,0.90,0.41,0.43,0.36,0.03,SUI,33,11,7,5,5
stear,Peyton Stearns,Peyton,Stearns,63,2,0.61,0.92,0.22,0.53,0.36,0.05,USA,24,1,3,5,5
zhang,Shuai Zhang,Shuai,Zhang,64,2,0.71,0.90,0.31,0.49,0.42,0.05,CHN,37,7,4,5,5
kasat,Daria Kasatkina,Daria,Kasatkina,65,2,0.69,0.74,0.37,0.51,0.39,0.03,AUS,29,5,4,5,5
kalin1,Anhelina Kalinina,Anhelina,Kalinina,66,2,0.57,0.84,0.35,0.42,0.41,0.05,UKR,29,2,3,5,5
yastr,Dayana Yastremska,Dayana,Yastremska,67,2,0.60,0.89,0.39,0.45,0.37,0.06,UKR,26,5,4,5,5
serra,Maria Camila Osorio Serrano,Maria,Camila Osorio Serrano,68,2,0.63,0.81,0.36,0.49,0.42,0.06,COL,24,2,2,5,5
udvar,Panna Udvardy,Panna,Udvardy,69,2,0.57,0.87,0.29,0.47,0.35,0.12,HUN,27,2,5,5,5
rakhi,Kamilla Rakhimova,Kamilla,Rakhimova,70,2,0.59,0.86,0.35,0.49,0.38,0.04,UZB,24,3,5,4,6
ruse,Elena Gabriela Ruse,Elena,Gabriela Ruse,71,2,0.56,0.81,0.35,0.51,0.44,0.14,ROU,28,7,3,2,8
birre,Kimberly Birrell,Kimberly,Birrell,72,2,0.64,0.83,0.36,0.49,0.40,0.05,AUS,28,7,5,3,7
plisk,Karolina Pliskova,Karolina,Pliskova,73,2,0.65,0.75,0.35,0.42,0.42,0.08,CZE,34,8,3,6,4
bonda,Anna Bondar,Anna,Bondar,74,2,0.61,0.87,0.28,0.51,0.36,0.08,HUN,29,1,5,5,5
zaraz,Renata Zarazua,Renata,Zarazua,75,2,0.71,0.91,0.30,0.46,0.35,0.01,MEX,28,3,5,5,5
lys,Eva Lys,Eva,Lys,76,2,0.67,0.85,0.32,0.51,0.34,0.02,GER,24,2,4,3,7
snigu,Daria Snigur,Daria,Snigur,77,2,0.76,0.88,0.33,0.52,0.37,0.03,UKR,24,6,4,7,3
korpa,Tamara Korpatsch,Tamara,Korpatsch,78,2,0.58,0.87,0.24,0.42,0.34,0.04,GER,31,0,4,8,2
towns,Taylor Townsend,Taylor,Townsend,79,2,0.63,0.94,0.33,0.39,0.37,0.11,USA,30,1,2,5,5
jacqu,Elsa Jacquemot,Elsa,Jacquemot,80,2,0.61,0.83,0.34,0.48,0.36,0.11,FRA,23,1,5,3,7
parks,Alycia Parks,Alycia,Parks,81,2,0.56,0.81,0.32,0.50,0.39,0.16,USA,25,3,5,2,8
tagge,Lilli Tagger,Lilli,Tagger,82,2,0.71,0.88,0.30,0.32,0.45,0.10,AUT,18,0,4,10,0
karta,Sonay Kartal,Sonay,Kartal,83,2,0.70,0.94,0.37,0.49,0.38,0.05,GBR,24,0,0,6,4
putin,Yulia Putintseva,Yulia,Putintseva,84,2,0.68,0.90,0.32,0.51,0.33,0.03,KAZ,31,0,2,4,6
zakha,Anastasia Zakharova,Anastasia,Zakharova,85,2,0.72,0.88,0.30,0.42,0.38,0.02,RUS,24,3,4,6,4
wang1,Xiyu Wang,Xiyu,Wang,86,2,0.73,0.91,0.38,0.44,0.29,0.03,CHN,25,2,2,3,7
joint,Maya Joint,Maya,Joint,87,2,0.61,0.90,0.40,0.40,0.35,0.05,AUS,20,1,5,7,3
grach,Varvara Gracheva,Varvara,Gracheva,88,2,0.65,0.91,0.38,0.46,0.36,0.03,FRA,26,0,0,6,4
erjav,Veronika Erjavec,Veronika,Erjavec,89,2,0.68,0.95,0.34,0.46,0.35,0.02,SLO,26,1,4,1,9
walte,Simona Waltert,Simona,Waltert,90,2,0.56,0.86,0.30,0.33,0.35,0.07,SUI,25,0,3,0,10
selek,Oksana Selekhmeteva,Oksana,Selekhmeteva,91,2,0.62,0.69,0.39,0.43,0.44,0.05,ESP,23,3,4,1,9
vidma,Darja Vidmanova,Darja,Vidmanova,92,2,0.67,0.92,0.38,0.46,0.36,0.07,CZE,23,20,12,8,2
kraus,Sinja Kraus,Sinja,Kraus,93,2,0.60,0.89,0.35,0.48,0.36,0.04,AUT,24,8,9,7,3
tomlj,Ajla Tomljanovic,Ajla,Tomljanovic,94,2,0.65,0.78,0.35,0.51,0.40,0.05,AUS,33,6,8,6,4
timof,Maria Timofeeva,Maria,Timofeeva,95,2,0.62,0.87,0.43,0.53,0.36,0.04,UZB,22,7,3,3,7
maria,Tatjana Maria,Tatjana,Maria,96,2,0.61,0.90,0.47,0.49,0.40,0.10,GER,39,41,9,5,5
arang,Emiliana Arango,Emiliana,Arango,97,2,0.67,0.85,0.35,0.44,0.33,0.04,COL,25,3,4,1,9
korne,Alina Korneeva,Alina,Korneeva,98,2,0.65,0.87,0.39,0.56,0.33,0.05,RUS,19,6,8,8,2
tarar,Lanlana Tararudee,Lanlana,Tararudee,99,2,0.59,0.91,0.31,0.42,0.45,0.06,THA,22,8,9,6,4
seide,Ella Seidel,Ella,Seidel,100,2,0.56,0.86,0.31,0.44,0.35,0.09,GER,21,1,6,2,8
volyn,Katie Volynets,Katie,Volynets,101,2,0.73,0.92,0.41,0.51,0.36,0.02,USA,24,32,9,6,4
volyn1,Katie Volynets,Katie,Volynets,101,2,0.73,0.92,0.41,0.51,0.36,0.02,USA,24,32,9,6,4
krueg,Ashlyn Krueger,Ashlyn,Krueger,102,2,0.69,0.84,0.38,0.52,0.40,0.09,USA,22,60,7,5,5
vande,Hanne Vandewinkel,Hanne,Vandewinkel,103,2,0.64,0.88,0.28,0.40,0.35,0.06,BEL,22,3,10,7,3
semen,Darja Semenistaja,Darja,Semenistaja,104,2,0.61,0.96,0.38,0.48,0.32,0.05,LAT,23,3,3,0,10
kenin,Sofia Kenin,Sofia,Kenin,105,2,0.70,0.85,0.30,0.50,0.38,0.03,USA,27,4,5,3,7
jones,Francesca Jones,Francesca,Jones,106,2,0.65,0.88,0.25,0.43,0.33,0.07,GBR,25,0,5,8,2
queve,Kaitlin Quevedo,Kaitlin,Quevedo,107,2,0.66,0.85,0.38,0.35,0.43,0.04,ESP,20,3,3,8,2
uchij,Moyuka Uchijima,Moyuka,Uchijima,108,2,0.53,0.82,0.29,0.43,0.33,0.09,JPN,25,0,2,5,5
sheri,Mayar Sherif,Mayar,Sherif,109,2,0.75,0.81,0.28,0.40,0.29,0.05,EGY,30,0,1,7,3
kasin,Victoria Jimenez Kasintseva,Victoria,Jimenez Kasintseva,110,2,0.66,0.92,0.33,0.33,0.29,0.01,AND,21,0,2,2,8
galfi,Dalma Galfi,Dalma,Galfi,111,2,0.65,0.89,0.32,0.37,0.38,0.13,HUN,28,5,8,0,10
sun,Lulu Sun,Lulu,Sun,112,2,0.57,0.92,0.32,0.36,0.39,0.16,NZL,25,7,13,2,8
kuder,Polina Kudermetova,Polina,Kudermetova,113,2,0.60,0.84,0.34,0.49,0.41,0.09,UZB,23,8,3,6,4
blink,Anna Blinkova,Anna,Blinkova,114,2,0.63,0.86,0.39,0.50,0.36,0.03,RUS,27,8,5,4,6
kuder1,Veronika Kudermetova,Veronika,Kudermetova,115,2,0.61,0.91,0.35,0.46,0.39,0.12,RUS,29,0,0,4,6
grabh,Julia Grabher,Julia,Grabher,116,2,0.62,0.79,0.26,0.46,0.32,0.06,AUT,30,0,1,4,6
prest,Taylah Preston,Taylah,Preston,117,2,0.62,0.87,0.30,0.52,0.39,0.02,AUS,20,12,14,9,1
chara,Alina Charaeva,Alina,Charaeva,118,2,0.57,0.87,0.36,0.40,0.40,0.07,ARM,24,9,8,7,3
kawa,Katarzyna Kawa,Katarzyna,Kawa,119,2,0.57,0.89,0.41,0.48,0.37,0.06,POL,33,4,1,2,8